[
  {"name":"Tokyo","country":"Japan","coordinates":[35.6762,139.6503],"continent":"Asia","best_months":[3,4,5,10,11],"avg_daily_cost_usd":{"budget":62,"mid":175,"luxury":510},"visa_free_for":["US","UK","EU","CA","AU","NZ","SG","KR"],"timezone":"Asia/Tokyo","currency":"JPY","language":"Japanese","highlights":["Shibuya Crossing","Senso-ji Temple","Tsukiji Outer Market","Meiji Shrine","Akihabara"]},
  {"name":"Paris","country":"France","coordinates":[48.8566,2.3522],"continent":"Europe","best_months":[4,5,6,9,10],"avg_daily_cost_usd":{"budget":85,"mid":230,"luxury":650},"visa_free_for":["US","UK","CA","AU","NZ","JP","KR","BR"],"timezone":"Europe/Paris","currency":"EUR","language":"French","highlights":["Eiffel Tower","Louvre Museum","Montmartre","Notre-Dame","Musée d'Orsay"]},
  {"name":"London","country":"United Kingdom","coordinates":[51.5074,-0.1278],"continent":"Europe","best_months":[5,6,7,8,9],"avg_daily_cost_usd":{"budget":90,"mid":240,"luxury":680},"visa_free_for":["US","EU","CA","AU","NZ","JP","KR"],"timezone":"Europe/London","currency":"GBP","language":"English","highlights":["British Museum","Tower of London","Buckingham Palace","Westminster Abbey","Camden Market"]},
  {"name":"New York","country":"United States","coordinates":[40.7128,-74.006],"continent":"North America","best_months":[4,5,6,9,10],"avg_daily_cost_usd":{"budget":95,"mid":250,"luxury":700},"visa_free_for":["UK","EU","CA","AU","NZ","JP","KR"],"timezone":"America/New_York","currency":"USD","language":"English","highlights":["Central Park","Statue of Liberty","Times Square","Brooklyn Bridge","Metropolitan Museum"]},
  {"name":"Bangkok","country":"Thailand","coordinates":[13.7563,100.5018],"continent":"Asia","best_months":[11,12,1,2,3],"avg_daily_cost_usd":{"budget":30,"mid":90,"luxury":280},"visa_free_for":["US","UK","EU","CA","AU","NZ","JP","KR"],"timezone":"Asia/Bangkok","currency":"THB","language":"Thai","highlights":["Grand Palace","Wat Arun","Chatuchak Market","Khao San Road","Floating Markets"]},
  {"name":"Barcelona","country":"Spain","coordinates":[41.3874,2.1686],"continent":"Europe","best_months":[4,5,6,9,10],"avg_daily_cost_usd":{"budget":65,"mid":170,"luxury":480},"visa_free_for":["US","UK","CA","AU","NZ","JP","KR"],"timezone":"Europe/Madrid","currency":"EUR","language":"Spanish","highlights":["Sagrada Familia","Park Güell","La Rambla","Gothic Quarter","Casa Batlló"]},
  {"name":"Rome","country":"Italy","coordinates":[41.9028,12.4964],"continent":"Europe","best_months":[4,5,6,9,10],"avg_daily_cost_usd":{"budget":65,"mid":175,"luxury":500},"visa_free_for":["US","UK","CA","AU","NZ","JP","KR"],"timezone":"Europe/Rome","currency":"EUR","language":"Italian","highlights":["Colosseum","Vatican Museums","Trevi Fountain","Pantheon","Roman Forum"]},
  {"name":"Istanbul","country":"Turkey","coordinates":[41.0082,28.9784],"continent":"Europe","best_months":[4,5,6,9,10],"avg_daily_cost_usd":{"budget":35,"mid":100,"luxury":320},"visa_free_for":["UK","EU","JP","KR","MY","SG"],"timezone":"Europe/Istanbul","currency":"TRY","language":"Turkish","highlights":["Hagia Sophia","Blue Mosque","Grand Bazaar","Topkapi Palace","Bosphorus Cruise"]},
  {"name":"Dubai","country":"United Arab Emirates","coordinates":[25.2048,55.2708],"continent":"Asia","best_months":[11,12,1,2,3],"avg_daily_cost_usd":{"budget":55,"mid":180,"luxury":600},"visa_free_for":["US","UK","EU","CA","AU","NZ"],"timezone":"Asia/Dubai","currency":"AED","language":"Arabic","highlights":["Burj Khalifa","Dubai Mall","Palm Jumeirah","Dubai Marina","Desert Safari"]},
  {"name":"Singapore","country":"Singapore","coordinates":[1.3521,103.8198],"continent":"Asia","best_months":[1,2,3,7,8],"avg_daily_cost_usd":{"budget":55,"mid":170,"luxury":500},"visa_free_for":["US","UK","EU","CA","AU","NZ","JP","KR"],"timezone":"Asia/Singapore","currency":"SGD","language":"English","highlights":["Marina Bay Sands","Gardens by the Bay","Sentosa","Chinatown","Hawker Centres"]},
  {"name":"Sydney","country":"Australia","coordinates":[-33.8688,151.2093],"continent":"Oceania","best_months":[10,11,12,1,2,3],"avg_daily_cost_usd":{"budget":80,"mid":210,"luxury":580},"visa_free_for":["US","UK","EU","CA","NZ","JP","KR","SG"],"timezone":"Australia/Sydney","currency":"AUD","language":"English","highlights":["Sydney Opera House","Harbour Bridge","Bondi Beach","Royal Botanic Garden","Taronga Zoo"]},
  {"name":"Bali","country":"Indonesia","coordinates":[-8.3405,115.092],"continent":"Asia","best_months":[4,5,6,7,8,9],"avg_daily_cost_usd":{"budget":25,"mid":75,"luxury":250},"visa_free_for":["US","UK","EU","CA","AU","NZ","JP","KR"],"timezone":"Asia/Makassar","currency":"IDR","language":"Indonesian","highlights":["Ubud Rice Terraces","Tanah Lot","Uluwatu Temple","Seminyak Beach","Mount Batur"]},
  {"name":"Lisbon","country":"Portugal","coordinates":[38.7223,-9.1393],"continent":"Europe","best_months":[4,5,6,9,10],"avg_daily_cost_usd":{"budget":50,"mid":130,"luxury":380},"visa_free_for":["US","UK","CA","AU","NZ","JP","KR","BR"],"timezone":"Europe/Lisbon","currency":"EUR","language":"Portuguese","highlights":["Belém Tower","Alfama District","Jerónimos Monastery","Tram 28","Time Out Market"]},
  {"name":"Prague","country":"Czech Republic","coordinates":[50.0755,14.4378],"continent":"Europe","best_months":[4,5,6,9,10],"avg_daily_cost_usd":{"budget":40,"mid":110,"luxury":330},"visa_free_for":["US","UK","CA","AU","NZ","JP","KR"],"timezone":"Europe/Prague","currency":"CZK","language":"Czech","highlights":["Charles Bridge","Prague Castle","Old Town Square","Astronomical Clock","Petřín Hill"]},
  {"name":"Amsterdam","country":"Netherlands","coordinates":[52.3676,4.9041],"continent":"Europe","best_months":[4,5,6,7,8,9],"avg_daily_cost_usd":{"budget":75,"mid":200,"luxury":550},"visa_free_for":["US","UK","CA","AU","NZ","JP","KR"],"timezone":"Europe/Amsterdam","currency":"EUR","language":"Dutch","highlights":["Anne Frank House","Rijksmuseum","Van Gogh Museum","Canal Ring","Vondelpark"]},
  {"name":"Seoul","country":"South Korea","coordinates":[37.5665,126.978],"continent":"Asia","best_months":[3,4,5,9,10,11],"avg_daily_cost_usd":{"budget":50,"mid":140,"luxury":420},"visa_free_for":["US","UK","EU","CA","AU","NZ","JP","SG"],"timezone":"Asia/Seoul","currency":"KRW","language":"Korean","highlights":["Gyeongbokgung Palace","Bukchon Hanok Village","Myeongdong","Namsan Tower","Gangnam"]},
  {"name":"Kyoto","country":"Japan","coordinates":[35.0116,135.7681],"continent":"Asia","best_months":[3,4,5,10,11],"avg_daily_cost_usd":{"budget":58,"mid":165,"luxury":480},"visa_free_for":["US","UK","EU","CA","AU","NZ","SG","KR"],"timezone":"Asia/Tokyo","currency":"JPY","language":"Japanese","highlights":["Fushimi Inari","Kinkaku-ji","Arashiyama Bamboo","Kiyomizu-dera","Gion District"]},
  {"name":"Marrakech","country":"Morocco","coordinates":[31.6295,-7.9811],"continent":"Africa","best_months":[3,4,5,10,11],"avg_daily_cost_usd":{"budget":30,"mid":85,"luxury":280},"visa_free_for":["US","UK","EU","CA","AU","NZ"],"timezone":"Africa/Casablanca","currency":"MAD","language":"Arabic","highlights":["Jemaa el-Fnaa","Bahia Palace","Majorelle Garden","Medina Souks","Saadian Tombs"]},
  {"name":"Cape Town","country":"South Africa","coordinates":[-33.9249,18.4241],"continent":"Africa","best_months":[10,11,12,1,2,3],"avg_daily_cost_usd":{"budget":40,"mid":110,"luxury":350},"visa_free_for":["US","UK","EU","CA","AU","NZ","JP"],"timezone":"Africa/Johannesburg","currency":"ZAR","language":"English","highlights":["Table Mountain","Cape of Good Hope","V&A Waterfront","Robben Island","Kirstenbosch Gardens"]},
  {"name":"Reykjavik","country":"Iceland","coordinates":[64.1466,-21.9426],"continent":"Europe","best_months":[6,7,8,9],"avg_daily_cost_usd":{"budget":100,"mid":260,"luxury":700},"visa_free_for":["US","UK","EU","CA","AU","NZ","JP","KR"],"timezone":"Atlantic/Reykjavik","currency":"ISK","language":"Icelandic","highlights":["Golden Circle","Blue Lagoon","Northern Lights","Hallgrímskirkja","Whale Watching"]},
  {"name":"Hanoi","country":"Vietnam","coordinates":[21.0285,105.8542],"continent":"Asia","best_months":[10,11,3,4],"avg_daily_cost_usd":{"budget":22,"mid":65,"luxury":200},"visa_free_for":["UK","EU","JP","KR","SG"],"timezone":"Asia/Ho_Chi_Minh","currency":"VND","language":"Vietnamese","highlights":["Old Quarter","Ho Chi Minh Mausoleum","Hoan Kiem Lake","Temple of Literature","Street Food Tours"]},
  {"name":"Mexico City","country":"Mexico","coordinates":[19.4326,-99.1332],"continent":"North America","best_months":[3,4,5,10,11],"avg_daily_cost_usd":{"budget":35,"mid":95,"luxury":300},"visa_free_for":["US","UK","EU","CA","AU","NZ","JP","KR"],"timezone":"America/Mexico_City","currency":"MXN","language":"Spanish","highlights":["Zócalo","Chapultepec Castle","Coyoacán","Frida Kahlo Museum","Teotihuacán"]},
  {"name":"Buenos Aires","country":"Argentina","coordinates":[-34.6037,-58.3816],"continent":"South America","best_months":[3,4,5,10,11],"avg_daily_cost_usd":{"budget":30,"mid":85,"luxury":270},"visa_free_for":["US","UK","EU","CA","AU","NZ","JP","KR"],"timezone":"America/Argentina/Buenos_Aires","currency":"ARS","language":"Spanish","highlights":["La Boca","Recoleta Cemetery","San Telmo Market","Teatro Colón","Plaza de Mayo"]},
  {"name":"Rio de Janeiro","country":"Brazil","coordinates":[-22.9068,-43.1729],"continent":"South America","best_months":[5,6,7,8,9],"avg_daily_cost_usd":{"budget":35,"mid":100,"luxury":320},"visa_free_for":["UK","EU","JP","KR","AU","NZ"],"timezone":"America/Sao_Paulo","currency":"BRL","language":"Portuguese","highlights":["Christ the Redeemer","Copacabana Beach","Sugarloaf Mountain","Ipanema","Tijuca Forest"]},
  {"name":"Cusco","country":"Peru","coordinates":[-13.532,-71.9675],"continent":"South America","best_months":[5,6,7,8,9],"avg_daily_cost_usd":{"budget":25,"mid":70,"luxury":220},"visa_free_for":["US","UK","EU","CA","AU","NZ","JP","KR"],"timezone":"America/Lima","currency":"PEN","language":"Spanish","highlights":["Machu Picchu","Sacred Valley","Plaza de Armas","San Pedro Market","Rainbow Mountain"]},
  {"name":"Dubrovnik","country":"Croatia","coordinates":[42.6507,18.0944],"continent":"Europe","best_months":[5,6,9,10],"avg_daily_cost_usd":{"budget":55,"mid":150,"luxury":420},"visa_free_for":["US","UK","CA","AU","NZ","JP","KR"],"timezone":"Europe/Zagreb","currency":"EUR","language":"Croatian","highlights":["Old Town Walls","Stradun","Fort Lovrijenac","Lokrum Island","Cable Car"]},
  {"name":"Santorini","country":"Greece","coordinates":[36.3932,25.4615],"continent":"Europe","best_months":[5,6,9,10],"avg_daily_cost_usd":{"budget":60,"mid":170,"luxury":500},"visa_free_for":["US","UK","CA","AU","NZ","JP","KR"],"timezone":"Europe/Athens","currency":"EUR","language":"Greek","highlights":["Oia Sunset","Fira","Red Beach","Akrotiri","Caldera Cruise"]},
  {"name":"Vienna","country":"Austria","coordinates":[48.2082,16.3738],"continent":"Europe","best_months":[4,5,6,9,10],"avg_daily_cost_usd":{"budget":60,"mid":165,"luxury":480},"visa_free_for":["US","UK","CA","AU","NZ","JP","KR"],"timezone":"Europe/Vienna","currency":"EUR","language":"German","highlights":["Schönbrunn Palace","St. Stephen's Cathedral","Belvedere","Hofburg","Naschmarkt"]},
  {"name":"Berlin","country":"Germany","coordinates":[52.52,13.405],"continent":"Europe","best_months":[5,6,7,8,9],"avg_daily_cost_usd":{"budget":55,"mid":150,"luxury":430},"visa_free_for":["US","UK","CA","AU","NZ","JP","KR"],"timezone":"Europe/Berlin","currency":"EUR","language":"German","highlights":["Brandenburg Gate","East Side Gallery","Museum Island","Reichstag","Tiergarten"]},
  {"name":"Zurich","country":"Switzerland","coordinates":[47.3769,8.5417],"continent":"Europe","best_months":[5,6,7,8,9],"avg_daily_cost_usd":{"budget":105,"mid":280,"luxury":750},"visa_free_for":["US","UK","CA","AU","NZ","JP","KR"],"timezone":"Europe/Zurich","currency":"CHF","language":"German","highlights":["Lake Zurich","Old Town","Kunsthaus","Bahnhofstrasse","Uetliberg"]},
  {"name":"Copenhagen","country":"Denmark","coordinates":[55.6761,12.5683],"continent":"Europe","best_months":[5,6,7,8],"avg_daily_cost_usd":{"budget":80,"mid":220,"luxury":600},"visa_free_for":["US","UK","CA","AU","NZ","JP","KR"],"timezone":"Europe/Copenhagen","currency":"DKK","language":"Danish","highlights":["Nyhavn","Tivoli Gardens","Little Mermaid","Christiania","Rosenborg Castle"]},
  {"name":"Edinburgh","country":"United Kingdom","coordinates":[55.9533,-3.1883],"continent":"Europe","best_months":[5,6,7,8],"avg_daily_cost_usd":{"budget":65,"mid":175,"luxury":500},"visa_free_for":["US","EU","CA","AU","NZ","JP","KR"],"timezone":"Europe/London","currency":"GBP","language":"English","highlights":["Edinburgh Castle","Royal Mile","Arthur's Seat","Holyrood Palace","Scotch Whisky Trail"]},
  {"name":"Budapest","country":"Hungary","coordinates":[47.4979,19.0402],"continent":"Europe","best_months":[4,5,6,9,10],"avg_daily_cost_usd":{"budget":35,"mid":95,"luxury":290},"visa_free_for":["US","UK","CA","AU","NZ","JP","KR"],"timezone":"Europe/Budapest","currency":"HUF","language":"Hungarian","highlights":["Buda Castle","Széchenyi Thermal Bath","Parliament","Fisherman's Bastion","Ruin Bars"]},
  {"name":"Osaka","country":"Japan","coordinates":[34.6937,135.5023],"continent":"Asia","best_months":[3,4,5,10,11],"avg_daily_cost_usd":{"budget":55,"mid":155,"luxury":450},"visa_free_for":["US","UK","EU","CA","AU","NZ","SG","KR"],"timezone":"Asia/Tokyo","currency":"JPY","language":"Japanese","highlights":["Dotonbori","Osaka Castle","Kuromon Market","Universal Studios","Shinsekai"]},
  {"name":"Taipei","country":"Taiwan","coordinates":[25.033,121.5654],"continent":"Asia","best_months":[3,4,5,10,11],"avg_daily_cost_usd":{"budget":40,"mid":110,"luxury":330},"visa_free_for":["US","UK","EU","CA","AU","NZ","JP","KR"],"timezone":"Asia/Taipei","currency":"TWD","language":"Mandarin","highlights":["Taipei 101","Night Markets","Longshan Temple","Jiufen","Yangmingshan"]},
  {"name":"Hong Kong","country":"China","coordinates":[22.3193,114.1694],"continent":"Asia","best_months":[10,11,12,3,4],"avg_daily_cost_usd":{"budget":60,"mid":170,"luxury":500},"visa_free_for":["US","UK","EU","CA","AU","NZ","JP","KR"],"timezone":"Asia/Hong_Kong","currency":"HKD","language":"Cantonese","highlights":["Victoria Peak","Star Ferry","Temple Street Market","Big Buddha","Kowloon"]},
  {"name":"Chiang Mai","country":"Thailand","coordinates":[18.7883,98.9853],"continent":"Asia","best_months":[11,12,1,2],"avg_daily_cost_usd":{"budget":22,"mid":60,"luxury":180},"visa_free_for":["US","UK","EU","CA","AU","NZ","JP","KR"],"timezone":"Asia/Bangkok","currency":"THB","language":"Thai","highlights":["Old City Temples","Doi Suthep","Night Bazaar","Elephant Sanctuaries","Cooking Classes"]},
  {"name":"Siem Reap","country":"Cambodia","coordinates":[13.3671,103.8448],"continent":"Asia","best_months":[11,12,1,2,3],"avg_daily_cost_usd":{"budget":18,"mid":55,"luxury":170},"visa_free_for":["MY","SG","PH"],"timezone":"Asia/Phnom_Penh","currency":"USD","language":"Khmer","highlights":["Angkor Wat","Angkor Thom","Ta Prohm","Tonle Sap","Pub Street"]},
  {"name":"Petra","country":"Jordan","coordinates":[30.3285,35.4444],"continent":"Asia","best_months":[3,4,5,10,11],"avg_daily_cost_usd":{"budget":45,"mid":120,"luxury":350},"visa_free_for":["US","UK","EU","CA","AU","NZ","JP","KR"],"timezone":"Asia/Amman","currency":"JOD","language":"Arabic","highlights":["The Treasury","Monastery","Siq","Royal Tombs","Wadi Rum"]},
  {"name":"Cairo","country":"Egypt","coordinates":[30.0444,31.2357],"continent":"Africa","best_months":[10,11,12,3,4],"avg_daily_cost_usd":{"budget":25,"mid":65,"luxury":200},"visa_free_for":["MY","HK","MO"],"timezone":"Africa/Cairo","currency":"EGP","language":"Arabic","highlights":["Pyramids of Giza","Egyptian Museum","Khan el-Khalili","Nile Cruise","Sphinx"]},
  {"name":"Nairobi","country":"Kenya","coordinates":[-1.2921,36.8219],"continent":"Africa","best_months":[1,2,7,8,9],"avg_daily_cost_usd":{"budget":35,"mid":100,"luxury":350},"visa_free_for":[],"timezone":"Africa/Nairobi","currency":"KES","language":"English","highlights":["Nairobi National Park","Giraffe Centre","Karen Blixen Museum","Masai Market","David Sheldrick"]},
  {"name":"Zanzibar","country":"Tanzania","coordinates":[-6.1659,39.2026],"continent":"Africa","best_months":[6,7,8,9,1,2],"avg_daily_cost_usd":{"budget":30,"mid":80,"luxury":260},"visa_free_for":[],"timezone":"Africa/Dar_es_Salaam","currency":"TZS","language":"Swahili","highlights":["Stone Town","Nungwi Beach","Prison Island","Spice Tours","Mnemba Atoll"]},
  {"name":"Queenstown","country":"New Zealand","coordinates":[-45.0312,168.6626],"continent":"Oceania","best_months":[12,1,2,3,6,7,8],"avg_daily_cost_usd":{"budget":70,"mid":190,"luxury":520},"visa_free_for":["US","UK","EU","CA","AU","JP","KR","SG"],"timezone":"Pacific/Auckland","currency":"NZD","language":"English","highlights":["Bungee Jumping","Milford Sound","Skyline Gondola","Lake Wakatipu","Skiing"]},
  {"name":"Cartagena","country":"Colombia","coordinates":[10.391,-75.5144],"continent":"South America","best_months":[12,1,2,3,4],"avg_daily_cost_usd":{"budget":30,"mid":80,"luxury":250},"visa_free_for":["US","UK","EU","CA","AU","NZ","JP","KR"],"timezone":"America/Bogota","currency":"COP","language":"Spanish","highlights":["Walled City","Castillo San Felipe","Rosario Islands","Getsemaní","Café del Mar"]},
  {"name":"Havana","country":"Cuba","coordinates":[23.1136,-82.3666],"continent":"North America","best_months":[11,12,1,2,3,4],"avg_daily_cost_usd":{"budget":30,"mid":75,"luxury":200},"visa_free_for":[],"timezone":"America/Havana","currency":"CUP","language":"Spanish","highlights":["Old Havana","Malecón","Capitolio","Fusterlandia","Classic Cars"]},
  {"name":"Medellín","country":"Colombia","coordinates":[6.2476,-75.5658],"continent":"South America","best_months":[12,1,2,3,7,8],"avg_daily_cost_usd":{"budget":25,"mid":65,"luxury":200},"visa_free_for":["US","UK","EU","CA","AU","NZ","JP","KR"],"timezone":"America/Bogota","currency":"COP","language":"Spanish","highlights":["Comuna 13","Metrocable","Botanical Garden","El Poblado","Guatapé"]},
  {"name":"Jaipur","country":"India","coordinates":[26.9124,75.7873],"continent":"Asia","best_months":[10,11,12,2,3],"avg_daily_cost_usd":{"budget":15,"mid":50,"luxury":180},"visa_free_for":[],"timezone":"Asia/Kolkata","currency":"INR","language":"Hindi","highlights":["Amber Fort","Hawa Mahal","City Palace","Jantar Mantar","Nahargarh Fort"]},
  {"name":"Kathmandu","country":"Nepal","coordinates":[27.7172,85.324],"continent":"Asia","best_months":[10,11,3,4],"avg_daily_cost_usd":{"budget":15,"mid":45,"luxury":150},"visa_free_for":[],"timezone":"Asia/Kathmandu","currency":"NPR","language":"Nepali","highlights":["Swayambhunath","Boudhanath","Durbar Square","Thamel","Pashupatinath"]},
  {"name":"Athens","country":"Greece","coordinates":[37.9838,23.7275],"continent":"Europe","best_months":[4,5,6,9,10],"avg_daily_cost_usd":{"budget":50,"mid":130,"luxury":380},"visa_free_for":["US","UK","CA","AU","NZ","JP","KR"],"timezone":"Europe/Athens","currency":"EUR","language":"Greek","highlights":["Acropolis","Parthenon","Plaka","Ancient Agora","National Archaeological Museum"]},
  {"name":"Florence","country":"Italy","coordinates":[43.7696,11.2558],"continent":"Europe","best_months":[4,5,6,9,10],"avg_daily_cost_usd":{"budget":60,"mid":165,"luxury":480},"visa_free_for":["US","UK","CA","AU","NZ","JP","KR"],"timezone":"Europe/Rome","currency":"EUR","language":"Italian","highlights":["Uffizi Gallery","Duomo","Ponte Vecchio","Piazzale Michelangelo","Boboli Gardens"]},
  {"name":"Venice","country":"Italy","coordinates":[45.4408,12.3155],"continent":"Europe","best_months":[4,5,9,10],"avg_daily_cost_usd":{"budget":70,"mid":195,"luxury":550},"visa_free_for":["US","UK","CA","AU","NZ","JP","KR"],"timezone":"Europe/Rome","currency":"EUR","language":"Italian","highlights":["St. Mark's Basilica","Grand Canal","Rialto Bridge","Doge's Palace","Murano"]},
  {"name":"Amalfi Coast","country":"Italy","coordinates":[40.6333,14.6029],"continent":"Europe","best_months":[5,6,9,10],"avg_daily_cost_usd":{"budget":65,"mid":180,"luxury":520},"visa_free_for":["US","UK","CA","AU","NZ","JP","KR"],"timezone":"Europe/Rome","currency":"EUR","language":"Italian","highlights":["Positano","Ravello","Path of the Gods","Amalfi Cathedral","Capri"]},
  {"name":"Cinque Terre","country":"Italy","coordinates":[44.1461,9.6439],"continent":"Europe","best_months":[5,6,9,10],"avg_daily_cost_usd":{"budget":60,"mid":160,"luxury":440},"visa_free_for":["US","UK","CA","AU","NZ","JP","KR"],"timezone":"Europe/Rome","currency":"EUR","language":"Italian","highlights":["Riomaggiore","Manarola","Vernazza","Hiking Trails","Pesto"]},
  {"name":"Munich","country":"Germany","coordinates":[48.1351,11.582],"continent":"Europe","best_months":[5,6,7,8,9,10],"avg_daily_cost_usd":{"budget":60,"mid":170,"luxury":480},"visa_free_for":["US","UK","CA","AU","NZ","JP","KR"],"timezone":"Europe/Berlin","currency":"EUR","language":"German","highlights":["Marienplatz","Englischer Garten","Neuschwanstein","BMW Museum","Oktoberfest"]},
  {"name":"Bruges","country":"Belgium","coordinates":[51.2093,3.2247],"continent":"Europe","best_months":[4,5,6,9,10],"avg_daily_cost_usd":{"budget":55,"mid":150,"luxury":420},"visa_free_for":["US","UK","CA","AU","NZ","JP","KR"],"timezone":"Europe/Brussels","currency":"EUR","language":"Dutch","highlights":["Markt Square","Belfry","Canals","Chocolate Shops","Basilica of Holy Blood"]},
  {"name":"Salzburg","country":"Austria","coordinates":[47.8095,13.055],"continent":"Europe","best_months":[5,6,7,8,9,12],"avg_daily_cost_usd":{"budget":55,"mid":155,"luxury":440},"visa_free_for":["US","UK","CA","AU","NZ","JP","KR"],"timezone":"Europe/Vienna","currency":"EUR","language":"German","highlights":["Hohensalzburg Fortress","Mozart's Birthplace","Mirabell Gardens","Old Town","Sound of Music Tour"]},
  {"name":"Kraków","country":"Poland","coordinates":[50.0647,19.945],"continent":"Europe","best_months":[5,6,7,8,9],"avg_daily_cost_usd":{"budget":30,"mid":80,"luxury":250},"visa_free_for":["US","UK","CA","AU","NZ","JP","KR"],"timezone":"Europe/Warsaw","currency":"PLN","language":"Polish","highlights":["Wawel Castle","Main Market Square","Kazimierz","Wieliczka Salt Mine","Auschwitz Memorial"]},
  {"name":"Split","country":"Croatia","coordinates":[43.5081,16.4402],"continent":"Europe","best_months":[5,6,9,10],"avg_daily_cost_usd":{"budget":45,"mid":120,"luxury":350},"visa_free_for":["US","UK","CA","AU","NZ","JP","KR"],"timezone":"Europe/Zagreb","currency":"EUR","language":"Croatian","highlights":["Diocletian's Palace","Riva Promenade","Marjan Hill","Krka Falls","Hvar Island"]},
  {"name":"Tallinn","country":"Estonia","coordinates":[59.437,24.7536],"continent":"Europe","best_months":[5,6,7,8],"avg_daily_cost_usd":{"budget":35,"mid":95,"luxury":280},"visa_free_for":["US","UK","CA","AU","NZ","JP","KR"],"timezone":"Europe/Tallinn","currency":"EUR","language":"Estonian","highlights":["Old Town","Toompea Castle","Alexander Nevsky Cathedral","Telliskivi","Kadriorg Palace"]},
  {"name":"Helsinki","country":"Finland","coordinates":[60.1699,24.9384],"continent":"Europe","best_months":[6,7,8],"avg_daily_cost_usd":{"budget":75,"mid":200,"luxury":540},"visa_free_for":["US","UK","CA","AU","NZ","JP","KR"],"timezone":"Europe/Helsinki","currency":"EUR","language":"Finnish","highlights":["Suomenlinna","Helsinki Cathedral","Design District","Temppeliaukio Church","Saunas"]},
  {"name":"Stockholm","country":"Sweden","coordinates":[59.3293,18.0686],"continent":"Europe","best_months":[6,7,8],"avg_daily_cost_usd":{"budget":75,"mid":210,"luxury":560},"visa_free_for":["US","UK","CA","AU","NZ","JP","KR"],"timezone":"Europe/Stockholm","currency":"SEK","language":"Swedish","highlights":["Gamla Stan","Vasa Museum","ABBA Museum","Djurgården","Archipelago"]},
  {"name":"Oslo","country":"Norway","coordinates":[59.9139,10.7522],"continent":"Europe","best_months":[6,7,8],"avg_daily_cost_usd":{"budget":85,"mid":240,"luxury":650},"visa_free_for":["US","UK","CA","AU","NZ","JP","KR"],"timezone":"Europe/Oslo","currency":"NOK","language":"Norwegian","highlights":["Vigeland Sculpture Park","Opera House","Munch Museum","Bygdøy","Fjord Cruise"]},
  {"name":"Dublin","country":"Ireland","coordinates":[53.3498,-6.2603],"continent":"Europe","best_months":[5,6,7,8,9],"avg_daily_cost_usd":{"budget":65,"mid":180,"luxury":500},"visa_free_for":["US","UK","CA","AU","NZ","JP","KR"],"timezone":"Europe/Dublin","currency":"EUR","language":"English","highlights":["Trinity College","Temple Bar","Guinness Storehouse","St. Patrick's Cathedral","Kilmainham Gaol"]},
  {"name":"Seville","country":"Spain","coordinates":[37.3891,-5.9845],"continent":"Europe","best_months":[3,4,5,10,11],"avg_daily_cost_usd":{"budget":45,"mid":120,"luxury":360},"visa_free_for":["US","UK","CA","AU","NZ","JP","KR"],"timezone":"Europe/Madrid","currency":"EUR","language":"Spanish","highlights":["Alcázar","Cathedral","Plaza de España","Flamenco Shows","Triana"]},
  {"name":"Granada","country":"Spain","coordinates":[37.1773,-3.5986],"continent":"Europe","best_months":[3,4,5,9,10],"avg_daily_cost_usd":{"budget":40,"mid":105,"luxury":300},"visa_free_for":["US","UK","CA","AU","NZ","JP","KR"],"timezone":"Europe/Madrid","currency":"EUR","language":"Spanish","highlights":["Alhambra","Albaicín","Sierra Nevada","Sacromonte Caves","Tapas Bars"]},
  {"name":"Porto","country":"Portugal","coordinates":[41.1579,-8.6291],"continent":"Europe","best_months":[5,6,7,9,10],"avg_daily_cost_usd":{"budget":45,"mid":120,"luxury":350},"visa_free_for":["US","UK","CA","AU","NZ","JP","KR","BR"],"timezone":"Europe/Lisbon","currency":"EUR","language":"Portuguese","highlights":["Ribeira District","Port Wine Cellars","Livraria Lello","Dom Luís I Bridge","São Bento Station"]},
  {"name":"Nice","country":"France","coordinates":[43.7102,7.262],"continent":"Europe","best_months":[5,6,7,9,10],"avg_daily_cost_usd":{"budget":65,"mid":175,"luxury":500},"visa_free_for":["US","UK","CA","AU","NZ","JP","KR"],"timezone":"Europe/Paris","currency":"EUR","language":"French","highlights":["Promenade des Anglais","Old Town","Castle Hill","Matisse Museum","Day trip to Monaco"]},
  {"name":"San Francisco","country":"United States","coordinates":[37.7749,-122.4194],"continent":"North America","best_months":[9,10,4,5],"avg_daily_cost_usd":{"budget":85,"mid":230,"luxury":650},"visa_free_for":["UK","EU","CA","AU","NZ","JP","KR"],"timezone":"America/Los_Angeles","currency":"USD","language":"English","highlights":["Golden Gate Bridge","Alcatraz","Fisherman's Wharf","Chinatown","Cable Cars"]},
  {"name":"Los Angeles","country":"United States","coordinates":[34.0522,-118.2437],"continent":"North America","best_months":[3,4,5,9,10,11],"avg_daily_cost_usd":{"budget":80,"mid":220,"luxury":600},"visa_free_for":["UK","EU","CA","AU","NZ","JP","KR"],"timezone":"America/Los_Angeles","currency":"USD","language":"English","highlights":["Hollywood","Santa Monica","Griffith Observatory","Getty Center","Venice Beach"]},
  {"name":"Las Vegas","country":"United States","coordinates":[36.1699,-115.1398],"continent":"North America","best_months":[3,4,5,10,11],"avg_daily_cost_usd":{"budget":60,"mid":180,"luxury":550},"visa_free_for":["UK","EU","CA","AU","NZ","JP","KR"],"timezone":"America/Los_Angeles","currency":"USD","language":"English","highlights":["The Strip","Fremont Street","Grand Canyon Day Trip","Shows","Red Rock Canyon"]},
  {"name":"Miami","country":"United States","coordinates":[25.7617,-80.1918],"continent":"North America","best_months":[11,12,1,2,3,4],"avg_daily_cost_usd":{"budget":70,"mid":200,"luxury":580},"visa_free_for":["UK","EU","CA","AU","NZ","JP","KR"],"timezone":"America/New_York","currency":"USD","language":"English","highlights":["South Beach","Art Deco District","Wynwood Walls","Little Havana","Everglades"]},
  {"name":"Honolulu","country":"United States","coordinates":[21.3069,-157.8583],"continent":"Oceania","best_months":[4,5,6,9,10],"avg_daily_cost_usd":{"budget":75,"mid":210,"luxury":580},"visa_free_for":["UK","EU","CA","AU","NZ","JP","KR"],"timezone":"Pacific/Honolulu","currency":"USD","language":"English","highlights":["Waikiki Beach","Diamond Head","Pearl Harbor","North Shore","Hanauma Bay"]},
  {"name":"Vancouver","country":"Canada","coordinates":[49.2827,-123.1207],"continent":"North America","best_months":[6,7,8,9],"avg_daily_cost_usd":{"budget":65,"mid":180,"luxury":500},"visa_free_for":["US","UK","EU","AU","NZ","JP","KR"],"timezone":"America/Vancouver","currency":"CAD","language":"English","highlights":["Stanley Park","Granville Island","Capilano Bridge","Gastown","Grouse Mountain"]},
  {"name":"Toronto","country":"Canada","coordinates":[43.6532,-79.3832],"continent":"North America","best_months":[5,6,7,8,9],"avg_daily_cost_usd":{"budget":60,"mid":170,"luxury":480},"visa_free_for":["US","UK","EU","AU","NZ","JP","KR"],"timezone":"America/Toronto","currency":"CAD","language":"English","highlights":["CN Tower","Royal Ontario Museum","Kensington Market","Distillery District","Toronto Islands"]},
  {"name":"Montréal","country":"Canada","coordinates":[45.5017,-73.5673],"continent":"North America","best_months":[6,7,8,9],"avg_daily_cost_usd":{"budget":55,"mid":155,"luxury":440},"visa_free_for":["US","UK","EU","AU","NZ","JP","KR"],"timezone":"America/Toronto","currency":"CAD","language":"French","highlights":["Old Montréal","Mount Royal","Notre-Dame Basilica","Jean-Talon Market","Plateau Mont-Royal"]},
  {"name":"Cancún","country":"Mexico","coordinates":[21.1619,-86.8515],"continent":"North America","best_months":[12,1,2,3,4],"avg_daily_cost_usd":{"budget":40,"mid":120,"luxury":380},"visa_free_for":["US","UK","EU","CA","AU","NZ","JP","KR"],"timezone":"America/Cancun","currency":"MXN","language":"Spanish","highlights":["Hotel Zone Beaches","Chichén Itzá","Isla Mujeres","Cenotes","Xcaret"]},
  {"name":"Oaxaca","country":"Mexico","coordinates":[17.0732,-96.7266],"continent":"North America","best_months":[10,11,12,3,4],"avg_daily_cost_usd":{"budget":25,"mid":65,"luxury":200},"visa_free_for":["US","UK","EU","CA","AU","NZ","JP","KR"],"timezone":"America/Mexico_City","currency":"MXN","language":"Spanish","highlights":["Monte Albán","Hierve el Agua","Mezcal Tastings","Zócalo","Day of the Dead"]},
  {"name":"Bogotá","country":"Colombia","coordinates":[4.711,-74.0721],"continent":"South America","best_months":[12,1,2,3],"avg_daily_cost_usd":{"budget":25,"mid":65,"luxury":200},"visa_free_for":["US","UK","EU","CA","AU","NZ","JP","KR"],"timezone":"America/Bogota","currency":"COP","language":"Spanish","highlights":["La Candelaria","Monserrate","Gold Museum","Botero Museum","Andrés Carne de Res"]},
  {"name":"Santiago","country":"Chile","coordinates":[-33.4489,-70.6693],"continent":"South America","best_months":[10,11,12,3,4],"avg_daily_cost_usd":{"budget":35,"mid":95,"luxury":300},"visa_free_for":["US","UK","EU","CA","AU","NZ","JP","KR"],"timezone":"America/Santiago","currency":"CLP","language":"Spanish","highlights":["San Cristóbal Hill","La Chascona","Central Market","Barrio Lastarria","Valparaíso Day Trip"]},
  {"name":"Lima","country":"Peru","coordinates":[-12.0464,-77.0428],"continent":"South America","best_months":[12,1,2,3],"avg_daily_cost_usd":{"budget":25,"mid":70,"luxury":220},"visa_free_for":["US","UK","EU","CA","AU","NZ","JP","KR"],"timezone":"America/Lima","currency":"PEN","language":"Spanish","highlights":["Miraflores","Barranco","Historic Centre","Ceviche","Huaca Pucllana"]},
  {"name":"Kuala Lumpur","country":"Malaysia","coordinates":[3.139,101.6869],"continent":"Asia","best_months":[5,6,7,8,9],"avg_daily_cost_usd":{"budget":25,"mid":70,"luxury":220},"visa_free_for":["US","UK","EU","CA","AU","NZ","JP","KR"],"timezone":"Asia/Kuala_Lumpur","currency":"MYR","language":"Malay","highlights":["Petronas Towers","Batu Caves","Jalan Alor","Merdeka Square","Islamic Arts Museum"]},
  {"name":"Luang Prabang","country":"Laos","coordinates":[19.8563,102.1346],"continent":"Asia","best_months":[11,12,1,2,3],"avg_daily_cost_usd":{"budget":20,"mid":55,"luxury":170},"visa_free_for":["JP","KR","SG","MY"],"timezone":"Asia/Vientiane","currency":"LAK","language":"Lao","highlights":["Alms Giving","Kuang Si Falls","Royal Palace","Night Market","Pak Ou Caves"]},
  {"name":"Colombo","country":"Sri Lanka","coordinates":[6.9271,79.8612],"continent":"Asia","best_months":[1,2,3,12],"avg_daily_cost_usd":{"budget":20,"mid":55,"luxury":180},"visa_free_for":["SG","MY"],"timezone":"Asia/Colombo","currency":"LKR","language":"Sinhala","highlights":["Gangaramaya Temple","Galle Face Green","National Museum","Pettah Market","Mount Lavinia Beach"]},
  {"name":"Maldives","country":"Maldives","coordinates":[3.2028,73.2207],"continent":"Asia","best_months":[12,1,2,3,4],"avg_daily_cost_usd":{"budget":80,"mid":250,"luxury":800},"visa_free_for":["US","UK","EU","CA","AU","NZ","JP","KR"],"timezone":"Indian/Maldives","currency":"MVR","language":"Dhivehi","highlights":["Overwater Villas","Snorkeling","Male","Underwater Dining","Bioluminescent Beach"]},
  {"name":"Phuket","country":"Thailand","coordinates":[7.8804,98.3923],"continent":"Asia","best_months":[11,12,1,2,3],"avg_daily_cost_usd":{"budget":28,"mid":80,"luxury":260},"visa_free_for":["US","UK","EU","CA","AU","NZ","JP","KR"],"timezone":"Asia/Bangkok","currency":"THB","language":"Thai","highlights":["Patong Beach","Phi Phi Islands","Big Buddha","Old Town","James Bond Island"]},
  {"name":"Ho Chi Minh City","country":"Vietnam","coordinates":[10.8231,106.6297],"continent":"Asia","best_months":[12,1,2,3,4],"avg_daily_cost_usd":{"budget":20,"mid":60,"luxury":190},"visa_free_for":["UK","EU","JP","KR","SG"],"timezone":"Asia/Ho_Chi_Minh","currency":"VND","language":"Vietnamese","highlights":["War Remnants Museum","Cu Chi Tunnels","Ben Thanh Market","Notre-Dame Cathedral","Mekong Delta"]},
  {"name":"New Delhi","country":"India","coordinates":[28.6139,77.209],"continent":"Asia","best_months":[10,11,2,3],"avg_daily_cost_usd":{"budget":15,"mid":50,"luxury":180},"visa_free_for":[],"timezone":"Asia/Kolkata","currency":"INR","language":"Hindi","highlights":["Red Fort","India Gate","Qutub Minar","Humayun's Tomb","Chandni Chowk"]},
  {"name":"Agra","country":"India","coordinates":[27.1767,78.0081],"continent":"Asia","best_months":[10,11,2,3],"avg_daily_cost_usd":{"budget":12,"mid":40,"luxury":150},"visa_free_for":[],"timezone":"Asia/Kolkata","currency":"INR","language":"Hindi","highlights":["Taj Mahal","Agra Fort","Fatehpur Sikri","Mehtab Bagh","Itimad-ud-Daulah"]},
  {"name":"Shanghai","country":"China","coordinates":[31.2304,121.4737],"continent":"Asia","best_months":[3,4,5,9,10,11],"avg_daily_cost_usd":{"budget":40,"mid":110,"luxury":350},"visa_free_for":[],"timezone":"Asia/Shanghai","currency":"CNY","language":"Mandarin","highlights":["The Bund","Yu Garden","French Concession","Pudong Skyline","Zhujiajiao"]},
  {"name":"Beijing","country":"China","coordinates":[39.9042,116.4074],"continent":"Asia","best_months":[4,5,9,10],"avg_daily_cost_usd":{"budget":35,"mid":100,"luxury":320},"visa_free_for":[],"timezone":"Asia/Shanghai","currency":"CNY","language":"Mandarin","highlights":["Great Wall","Forbidden City","Temple of Heaven","Summer Palace","Hutongs"]},
  {"name":"Mumbai","country":"India","coordinates":[19.076,72.8777],"continent":"Asia","best_months":[11,12,1,2],"avg_daily_cost_usd":{"budget":15,"mid":50,"luxury":200},"visa_free_for":[],"timezone":"Asia/Kolkata","currency":"INR","language":"Hindi","highlights":["Gateway of India","Marine Drive","Elephanta Caves","Dharavi Tours","Colaba Causeway"]},
  {"name":"Lhasa","country":"China","coordinates":[29.65,91.1],"continent":"Asia","best_months":[5,6,7,8,9],"avg_daily_cost_usd":{"budget":35,"mid":90,"luxury":250},"visa_free_for":[],"timezone":"Asia/Shanghai","currency":"CNY","language":"Tibetan","highlights":["Potala Palace","Jokhang Temple","Barkhor Street","Sera Monastery","Namtso Lake"]},
  {"name":"Bhutan","country":"Bhutan","coordinates":[27.4728,89.6393],"continent":"Asia","best_months":[3,4,5,9,10,11],"avg_daily_cost_usd":{"budget":200,"mid":250,"luxury":500},"visa_free_for":["IN","BD","MV"],"timezone":"Asia/Thimphu","currency":"BTN","language":"Dzongkha","highlights":["Tiger's Nest","Punakha Dzong","Thimphu","Dochula Pass","Paro Valley"]},
  {"name":"Tel Aviv","country":"Israel","coordinates":[32.0853,34.7818],"continent":"Asia","best_months":[3,4,5,10,11],"avg_daily_cost_usd":{"budget":60,"mid":170,"luxury":480},"visa_free_for":["US","UK","EU","CA","AU"],"timezone":"Asia/Jerusalem","currency":"ILS","language":"Hebrew","highlights":["Jaffa Old City","Carmel Market","Bauhaus Architecture","Beaches","Nightlife"]},
  {"name":"Tbilisi","country":"Georgia","coordinates":[41.7151,44.8271],"continent":"Europe","best_months":[5,6,9,10],"avg_daily_cost_usd":{"budget":25,"mid":65,"luxury":190},"visa_free_for":["US","UK","EU","CA","AU","NZ","JP","KR"],"timezone":"Asia/Tbilisi","currency":"GEL","language":"Georgian","highlights":["Old Town","Narikala Fortress","Sulfur Baths","Rustaveli Avenue","Wine Country"]},
  {"name":"Muscat","country":"Oman","coordinates":[23.588,58.3829],"continent":"Asia","best_months":[10,11,12,2,3],"avg_daily_cost_usd":{"budget":45,"mid":130,"luxury":400},"visa_free_for":["US","UK","EU","CA","AU","NZ"],"timezone":"Asia/Muscat","currency":"OMR","language":"Arabic","highlights":["Sultan Qaboos Grand Mosque","Mutrah Souq","Royal Opera House","Wadi Shab","Jebel Akhdar"]},
  {"name":"Doha","country":"Qatar","coordinates":[25.2854,51.531],"continent":"Asia","best_months":[11,12,1,2,3],"avg_daily_cost_usd":{"budget":50,"mid":150,"luxury":450},"visa_free_for":["US","UK","EU","CA","AU","NZ"],"timezone":"Asia/Qatar","currency":"QAR","language":"Arabic","highlights":["Museum of Islamic Art","Souq Waqif","The Pearl","Katara Village","Desert Safari"]},
  {"name":"Addis Ababa","country":"Ethiopia","coordinates":[9.0054,38.7636],"continent":"Africa","best_months":[10,11,12,1,2,3],"avg_daily_cost_usd":{"budget":20,"mid":55,"luxury":170},"visa_free_for":[],"timezone":"Africa/Addis_Ababa","currency":"ETB","language":"Amharic","highlights":["National Museum","Entoto Hill","Mercato","Holy Trinity Cathedral","Coffee Ceremony"]},
  {"name":"Fez","country":"Morocco","coordinates":[34.0181,-5.0078],"continent":"Africa","best_months":[3,4,5,10,11],"avg_daily_cost_usd":{"budget":25,"mid":70,"luxury":220},"visa_free_for":["US","UK","EU","CA","AU","NZ"],"timezone":"Africa/Casablanca","currency":"MAD","language":"Arabic","highlights":["Medina","Chouara Tannery","Bou Inania Madrasa","Mellah","Dar Batha Museum"]},
  {"name":"Victoria Falls","country":"Zimbabwe","coordinates":[-17.9243,25.8572],"continent":"Africa","best_months":[2,3,4,5,8,9],"avg_daily_cost_usd":{"budget":40,"mid":110,"luxury":350},"visa_free_for":[],"timezone":"Africa/Harare","currency":"USD","language":"English","highlights":["Victoria Falls","Devil's Pool","Bungee Jumping","Zambezi Sunset Cruise","Chobe Day Trip"]},
  {"name":"Windhoek","country":"Namibia","coordinates":[-22.5609,17.0658],"continent":"Africa","best_months":[5,6,7,8,9,10],"avg_daily_cost_usd":{"budget":35,"mid":95,"luxury":300},"visa_free_for":["US","UK","EU","CA","AU","NZ"],"timezone":"Africa/Windhoek","currency":"NAD","language":"English","highlights":["Sossusvlei","Etosha National Park","Skeleton Coast","Fish River Canyon","Swakopmund"]},
  {"name":"Casablanca","country":"Morocco","coordinates":[33.5731,-7.5898],"continent":"Africa","best_months":[3,4,5,9,10,11],"avg_daily_cost_usd":{"budget":30,"mid":80,"luxury":260},"visa_free_for":["US","UK","EU","CA","AU","NZ"],"timezone":"Africa/Casablanca","currency":"MAD","language":"Arabic","highlights":["Hassan II Mosque","Corniche","Old Medina","Morocco Mall","Rick's Café"]},
  {"name":"Mauritius","country":"Mauritius","coordinates":[-20.3484,57.5522],"continent":"Africa","best_months":[5,6,9,10,11],"avg_daily_cost_usd":{"budget":45,"mid":130,"luxury":400},"visa_free_for":["US","UK","EU","CA","AU","NZ"],"timezone":"Indian/Mauritius","currency":"MUR","language":"English","highlights":["Le Morne","Chamarel","Black River Gorges","Grand Baie","Île aux Cerfs"]},
  {"name":"Seychelles","country":"Seychelles","coordinates":[-4.6796,55.492],"continent":"Africa","best_months":[4,5,10,11],"avg_daily_cost_usd":{"budget":60,"mid":180,"luxury":550},"visa_free_for":["US","UK","EU","CA","AU","NZ"],"timezone":"Indian/Mahe","currency":"SCR","language":"English","highlights":["Anse Source d'Argent","Vallée de Mai","Mahé","Praslin","Giant Tortoises"]},
  {"name":"Melbourne","country":"Australia","coordinates":[-37.8136,144.9631],"continent":"Oceania","best_months":[10,11,12,3,4],"avg_daily_cost_usd":{"budget":70,"mid":190,"luxury":530},"visa_free_for":["US","UK","EU","CA","NZ","JP","KR","SG"],"timezone":"Australia/Melbourne","currency":"AUD","language":"English","highlights":["Federation Square","Great Ocean Road","Laneways","MCG","Queen Victoria Market"]},
  {"name":"Auckland","country":"New Zealand","coordinates":[-36.8485,174.7633],"continent":"Oceania","best_months":[12,1,2,3],"avg_daily_cost_usd":{"budget":65,"mid":175,"luxury":480},"visa_free_for":["US","UK","EU","CA","AU","JP","KR","SG"],"timezone":"Pacific/Auckland","currency":"NZD","language":"English","highlights":["Sky Tower","Waiheke Island","Rangitoto","Viaduct Harbour","Piha Beach"]},
  {"name":"Fiji","country":"Fiji","coordinates":[-17.7134,178.065],"continent":"Oceania","best_months":[5,6,7,8,9,10],"avg_daily_cost_usd":{"budget":50,"mid":150,"luxury":450},"visa_free_for":["US","UK","EU","CA","AU","NZ","JP","KR"],"timezone":"Pacific/Fiji","currency":"FJD","language":"English","highlights":["Yasawa Islands","Coral Coast","Cloud 9","Navua River","Sigatoka Sand Dunes"]},
  {"name":"Bora Bora","country":"French Polynesia","coordinates":[-16.5004,-151.7415],"continent":"Oceania","best_months":[5,6,7,8,9,10],"avg_daily_cost_usd":{"budget":120,"mid":350,"luxury":1000},"visa_free_for":["US","UK","EU","CA","AU","NZ","JP"],"timezone":"Pacific/Tahiti","currency":"XPF","language":"French","highlights":["Overwater Bungalows","Mount Otemanu","Matira Beach","Lagoonarium","Shark Feeding"]},
  {"name":"Patagonia","country":"Argentina","coordinates":[-50.3402,-72.2647],"continent":"South America","best_months":[11,12,1,2,3],"avg_daily_cost_usd":{"budget":50,"mid":140,"luxury":400},"visa_free_for":["US","UK","EU","CA","AU","NZ","JP","KR"],"timezone":"America/Argentina/Ushuaia","currency":"ARS","language":"Spanish","highlights":["Perito Moreno Glacier","Torres del Paine","El Chaltén","Ushuaia","Beagle Channel"]},
  {"name":"Galápagos Islands","country":"Ecuador","coordinates":[-0.9538,-90.9656],"continent":"South America","best_months":[6,7,8,9,12,1],"avg_daily_cost_usd":{"budget":80,"mid":220,"luxury":600},"visa_free_for":["US","UK","EU","CA","AU","NZ"],"timezone":"Pacific/Galapagos","currency":"USD","language":"Spanish","highlights":["Giant Tortoises","Blue-Footed Boobies","Snorkeling","Bartolomé Island","Charles Darwin Station"]},
  {"name":"Machu Picchu","country":"Peru","coordinates":[-13.1631,-72.545],"continent":"South America","best_months":[5,6,7,8,9],"avg_daily_cost_usd":{"budget":40,"mid":100,"luxury":300},"visa_free_for":["US","UK","EU","CA","AU","NZ","JP","KR"],"timezone":"America/Lima","currency":"PEN","language":"Spanish","highlights":["Inca Citadel","Sun Gate","Huayna Picchu","Inca Trail","Aguas Calientes"]},
  {"name":"Tulum","country":"Mexico","coordinates":[20.2114,-87.4654],"continent":"North America","best_months":[11,12,1,2,3,4],"avg_daily_cost_usd":{"budget":40,"mid":110,"luxury":350},"visa_free_for":["US","UK","EU","CA","AU","NZ","JP","KR"],"timezone":"America/Cancun","currency":"MXN","language":"Spanish","highlights":["Mayan Ruins","Gran Cenote","Beach Clubs","Sian Ka'an","Coba"]},
  {"name":"San José","country":"Costa Rica","coordinates":[9.9281,-84.0907],"continent":"Central America","best_months":[12,1,2,3,4],"avg_daily_cost_usd":{"budget":35,"mid":95,"luxury":280},"visa_free_for":["US","UK","EU","CA","AU","NZ","JP","KR"],"timezone":"America/Costa_Rica","currency":"CRC","language":"Spanish","highlights":["Arenal Volcano","Monteverde","Manuel Antonio","Tortuguero","Hot Springs"]},
  {"name":"Panama City","country":"Panama","coordinates":[8.9824,-79.5199],"continent":"Central America","best_months":[12,1,2,3,4],"avg_daily_cost_usd":{"budget":35,"mid":90,"luxury":270},"visa_free_for":["US","UK","EU","CA","AU","NZ","JP","KR"],"timezone":"America/Panama","currency":"USD","language":"Spanish","highlights":["Panama Canal","Casco Viejo","San Blas Islands","BioMuseo","Amador Causeway"]},
  {"name":"Bermuda","country":"Bermuda","coordinates":[32.3078,-64.7505],"continent":"North America","best_months":[5,6,7,8,9],"avg_daily_cost_usd":{"budget":80,"mid":220,"luxury":600},"visa_free_for":["US","UK","EU","CA"],"timezone":"Atlantic/Bermuda","currency":"BMD","language":"English","highlights":["Horseshoe Bay","Crystal Caves","Royal Naval Dockyard","Hamilton","St. George's"]},
  {"name":"Barbados","country":"Barbados","coordinates":[13.1939,-59.5432],"continent":"North America","best_months":[12,1,2,3,4],"avg_daily_cost_usd":{"budget":55,"mid":150,"luxury":430},"visa_free_for":["US","UK","EU","CA"],"timezone":"America/Barbados","currency":"BBD","language":"English","highlights":["Bathsheba","Harrison's Cave","Oistins","Bridgetown","Rum Distilleries"]},
  {"name":"Turks and Caicos","country":"Turks and Caicos","coordinates":[21.694,-71.7979],"continent":"North America","best_months":[12,1,2,3,4],"avg_daily_cost_usd":{"budget":80,"mid":230,"luxury":650},"visa_free_for":["US","UK","EU","CA"],"timezone":"America/Grand_Turk","currency":"USD","language":"English","highlights":["Grace Bay Beach","Chalk Sound","Conch Bar Caves","Snorkeling","Whale Watching"]},
  {"name":"Antigua","country":"Antigua and Barbuda","coordinates":[17.0608,-61.7964],"continent":"North America","best_months":[12,1,2,3,4],"avg_daily_cost_usd":{"budget":60,"mid":170,"luxury":480},"visa_free_for":["US","UK","EU","CA"],"timezone":"America/Antigua","currency":"XCD","language":"English","highlights":["365 Beaches","Nelson's Dockyard","Shirley Heights","Stingray City","Devil's Bridge"]},
  {"name":"Aruba","country":"Aruba","coordinates":[12.5211,-69.9683],"continent":"South America","best_months":[1,2,3,4,5],"avg_daily_cost_usd":{"budget":60,"mid":170,"luxury":480},"visa_free_for":["US","UK","EU","CA"],"timezone":"America/Aruba","currency":"AWG","language":"Dutch","highlights":["Eagle Beach","Arikok National Park","Natural Pool","California Lighthouse","Baby Beach"]},
  {"name":"Curaçao","country":"Curaçao","coordinates":[12.1696,-68.99],"continent":"South America","best_months":[1,2,3,4,5],"avg_daily_cost_usd":{"budget":50,"mid":140,"luxury":400},"visa_free_for":["US","UK","EU","CA"],"timezone":"America/Curacao","currency":"ANG","language":"Dutch","highlights":["Willemstad","Playa Kenepa","Shete Boka","Hato Caves","Floating Market"]},
  {"name":"Scottsdale","country":"United States","coordinates":[33.4942,-111.9261],"continent":"North America","best_months":[10,11,12,1,2,3],"avg_daily_cost_usd":{"budget":60,"mid":170,"luxury":500},"visa_free_for":["UK","EU","CA","AU","NZ","JP","KR"],"timezone":"America/Phoenix","currency":"USD","language":"English","highlights":["Desert Botanical Garden","Old Town","Camelback Mountain","Taliesin West","Spa Resorts"]},
  {"name":"Sedona","country":"United States","coordinates":[34.8697,-111.761],"continent":"North America","best_months":[3,4,5,9,10,11],"avg_daily_cost_usd":{"budget":55,"mid":160,"luxury":450},"visa_free_for":["UK","EU","CA","AU","NZ","JP","KR"],"timezone":"America/Phoenix","currency":"USD","language":"English","highlights":["Red Rock Country","Cathedral Rock","Chapel of the Holy Cross","Slide Rock","Vortex Sites"]},
  {"name":"Aspen","country":"United States","coordinates":[39.1911,-106.8175],"continent":"North America","best_months":[12,1,2,3,7,8],"avg_daily_cost_usd":{"budget":100,"mid":300,"luxury":850},"visa_free_for":["UK","EU","CA","AU","NZ","JP","KR"],"timezone":"America/Denver","currency":"USD","language":"English","highlights":["Aspen Mountain Skiing","Maroon Bells","Aspen Art Museum","Snowmass","Independence Pass"]},
  {"name":"Maui","country":"United States","coordinates":[20.7984,-156.3319],"continent":"Oceania","best_months":[4,5,6,9,10],"avg_daily_cost_usd":{"budget":80,"mid":220,"luxury":600},"visa_free_for":["UK","EU","CA","AU","NZ","JP","KR"],"timezone":"Pacific/Honolulu","currency":"USD","language":"English","highlights":["Road to Hana","Haleakalā","Ka'anapali Beach","Molokini Crater","Lahaina"]},
  {"name":"Jackson Hole","country":"United States","coordinates":[43.4799,-110.7624],"continent":"North America","best_months":[6,7,8,9,12,1,2],"avg_daily_cost_usd":{"budget":80,"mid":230,"luxury":650},"visa_free_for":["UK","EU","CA","AU","NZ","JP","KR"],"timezone":"America/Denver","currency":"USD","language":"English","highlights":["Grand Teton","Yellowstone","Jackson Hole Skiing","Elk Refuge","Snake River"]},
  {"name":"Napa Valley","country":"United States","coordinates":[38.5025,-122.2654],"continent":"North America","best_months":[5,6,9,10],"avg_daily_cost_usd":{"budget":70,"mid":200,"luxury":550},"visa_free_for":["UK","EU","CA","AU","NZ","JP","KR"],"timezone":"America/Los_Angeles","currency":"USD","language":"English","highlights":["Wine Tastings","Hot Air Balloon","Culinary Institute","Silverado Trail","Yountville"]},
  {"name":"Charleston","country":"United States","coordinates":[32.7765,-79.9311],"continent":"North America","best_months":[3,4,5,10,11],"avg_daily_cost_usd":{"budget":55,"mid":160,"luxury":450},"visa_free_for":["UK","EU","CA","AU","NZ","JP","KR"],"timezone":"America/New_York","currency":"USD","language":"English","highlights":["Historic District","Rainbow Row","Fort Sumter","Waterfront Park","Lowcountry Cuisine"]},
  {"name":"New Orleans","country":"United States","coordinates":[29.9511,-90.0715],"continent":"North America","best_months":[2,3,4,10,11],"avg_daily_cost_usd":{"budget":55,"mid":160,"luxury":450},"visa_free_for":["UK","EU","CA","AU","NZ","JP","KR"],"timezone":"America/Chicago","currency":"USD","language":"English","highlights":["French Quarter","Bourbon Street","Garden District","Jazz Clubs","Cajun Food"]},
  {"name":"Sapporo","country":"Japan","coordinates":[43.0618,141.3545],"continent":"Asia","best_months":[2,6,7,8,9],"avg_daily_cost_usd":{"budget":50,"mid":140,"luxury":400},"visa_free_for":["US","UK","EU","CA","AU","NZ","SG","KR"],"timezone":"Asia/Tokyo","currency":"JPY","language":"Japanese","highlights":["Sapporo Snow Festival","Niseko Skiing","Beer Museum","Odori Park","Ramen Alley"]},
  {"name":"Jeju Island","country":"South Korea","coordinates":[33.4996,126.5312],"continent":"Asia","best_months":[4,5,6,9,10],"avg_daily_cost_usd":{"budget":45,"mid":120,"luxury":350},"visa_free_for":["US","UK","EU","CA","AU","NZ","JP","SG"],"timezone":"Asia/Seoul","currency":"KRW","language":"Korean","highlights":["Hallasan","Manjanggul Cave","Seongsan Ilchulbong","Jeongbang Waterfall","Haenyeo Divers"]},
  {"name":"Palawan","country":"Philippines","coordinates":[9.8349,118.7384],"continent":"Asia","best_months":[11,12,1,2,3,4],"avg_daily_cost_usd":{"budget":22,"mid":60,"luxury":200},"visa_free_for":[],"timezone":"Asia/Manila","currency":"PHP","language":"Filipino","highlights":["El Nido","Puerto Princesa Underground River","Coron","Honda Bay","Tubbataha Reef"]},
  {"name":"Borneo","country":"Malaysia","coordinates":[5.9804,116.0735],"continent":"Asia","best_months":[3,4,5,9,10],"avg_daily_cost_usd":{"budget":25,"mid":70,"luxury":220},"visa_free_for":["US","UK","EU","CA","AU","NZ","JP","KR"],"timezone":"Asia/Kuching","currency":"MYR","language":"Malay","highlights":["Mount Kinabalu","Sepilok Orangutans","Sipadan Diving","Kinabatangan River","Danum Valley"]},
  {"name":"Goa","country":"India","coordinates":[15.2993,74.124],"continent":"Asia","best_months":[11,12,1,2,3],"avg_daily_cost_usd":{"budget":15,"mid":45,"luxury":160},"visa_free_for":[],"timezone":"Asia/Kolkata","currency":"INR","language":"English","highlights":["Beaches","Old Goa Churches","Spice Plantations","Night Markets","Portuguese Architecture"]},
  {"name":"Rishikesh","country":"India","coordinates":[30.0869,78.2676],"continent":"Asia","best_months":[9,10,11,3,4],"avg_daily_cost_usd":{"budget":12,"mid":35,"luxury":120},"visa_free_for":[],"timezone":"Asia/Kolkata","currency":"INR","language":"Hindi","highlights":["Yoga Ashrams","Laxman Jhula","River Rafting","Beatles Ashram","Ganga Aarti"]},
  {"name":"Zhangjiajie","country":"China","coordinates":[29.1255,110.4791],"continent":"Asia","best_months":[4,5,9,10],"avg_daily_cost_usd":{"budget":30,"mid":80,"luxury":220},"visa_free_for":[],"timezone":"Asia/Shanghai","currency":"CNY","language":"Mandarin","highlights":["Avatar Mountains","Glass Bridge","Tianmen Mountain","Baofeng Lake","Grand Canyon"]},
  {"name":"Kyrgyzstan","country":"Kyrgyzstan","coordinates":[42.8746,74.5698],"continent":"Asia","best_months":[6,7,8,9],"avg_daily_cost_usd":{"budget":20,"mid":50,"luxury":150},"visa_free_for":["US","UK","EU","CA","AU","NZ","JP","KR"],"timezone":"Asia/Bishkek","currency":"KGS","language":"Kyrgyz","highlights":["Song Kul Lake","Ala Archa","Issyk Kul","Yurt Stays","Horse Trekking"]},
  {"name":"Uzbekistan","country":"Uzbekistan","coordinates":[41.2995,69.2401],"continent":"Asia","best_months":[4,5,9,10],"avg_daily_cost_usd":{"budget":20,"mid":55,"luxury":170},"visa_free_for":["US","UK","EU","CA","AU","NZ","JP","KR"],"timezone":"Asia/Tashkent","currency":"UZS","language":"Uzbek","highlights":["Registan Square","Bukhara","Khiva","Silk Road","Samarkand"]},
  {"name":"Oman","country":"Oman","coordinates":[23.588,58.3829],"continent":"Asia","best_months":[10,11,12,2,3],"avg_daily_cost_usd":{"budget":45,"mid":130,"luxury":400},"visa_free_for":["US","UK","EU","CA","AU","NZ"],"timezone":"Asia/Muscat","currency":"OMR","language":"Arabic","highlights":["Sultan Qaboos Mosque","Wahiba Sands","Wadi Shab","Jebel Shams","Nizwa Fort"]},
  {"name":"Montenegro","country":"Montenegro","coordinates":[42.4304,19.2594],"continent":"Europe","best_months":[5,6,9,10],"avg_daily_cost_usd":{"budget":35,"mid":90,"luxury":270},"visa_free_for":["US","UK","EU","CA","AU","NZ","JP","KR"],"timezone":"Europe/Podgorica","currency":"EUR","language":"Montenegrin","highlights":["Kotor","Budva","Sveti Stefan","Durmitor","Perast"]},
  {"name":"Albania","country":"Albania","coordinates":[41.3275,19.8187],"continent":"Europe","best_months":[5,6,7,9,10],"avg_daily_cost_usd":{"budget":25,"mid":65,"luxury":190},"visa_free_for":["US","UK","EU","CA","AU","NZ"],"timezone":"Europe/Tirane","currency":"ALL","language":"Albanian","highlights":["Berat","Gjirokastër","Ksamil","Blue Eye","Butrint"]},
  {"name":"Slovenia","country":"Slovenia","coordinates":[46.0569,14.5058],"continent":"Europe","best_months":[5,6,7,8,9],"avg_daily_cost_usd":{"budget":40,"mid":105,"luxury":300},"visa_free_for":["US","UK","CA","AU","NZ","JP","KR"],"timezone":"Europe/Ljubljana","currency":"EUR","language":"Slovenian","highlights":["Lake Bled","Ljubljana","Postojna Cave","Triglav","Piran"]},
  {"name":"Provence","country":"France","coordinates":[43.9493,6.0679],"continent":"Europe","best_months":[5,6,7,8,9],"avg_daily_cost_usd":{"budget":60,"mid":165,"luxury":470},"visa_free_for":["US","UK","CA","AU","NZ","JP","KR"],"timezone":"Europe/Paris","currency":"EUR","language":"French","highlights":["Lavender Fields","Gordes","Aix-en-Provence","Avignon","Luberon"]},
  {"name":"Scottish Highlands","country":"United Kingdom","coordinates":[57.1227,-4.7107],"continent":"Europe","best_months":[5,6,7,8,9],"avg_daily_cost_usd":{"budget":55,"mid":150,"luxury":420},"visa_free_for":["US","EU","CA","AU","NZ","JP","KR"],"timezone":"Europe/London","currency":"GBP","language":"English","highlights":["Loch Ness","Isle of Skye","Ben Nevis","Glencoe","Inverness"]},
  {"name":"Cappadocia","country":"Turkey","coordinates":[38.6431,34.8289],"continent":"Asia","best_months":[4,5,6,9,10],"avg_daily_cost_usd":{"budget":30,"mid":85,"luxury":260},"visa_free_for":["UK","EU","JP","KR","MY","SG"],"timezone":"Europe/Istanbul","currency":"TRY","language":"Turkish","highlights":["Hot Air Balloons","Fairy Chimneys","Göreme Open Air Museum","Underground Cities","Rose Valley"]},
  {"name":"Lapland","country":"Finland","coordinates":[66.5,25.7667],"continent":"Europe","best_months":[12,1,2,3,6,7],"avg_daily_cost_usd":{"budget":80,"mid":220,"luxury":600},"visa_free_for":["US","UK","CA","AU","NZ","JP","KR"],"timezone":"Europe/Helsinki","currency":"EUR","language":"Finnish","highlights":["Northern Lights","Santa Claus Village","Husky Sledding","Ice Hotels","Midnight Sun"]},
  {"name":"Amalfi","country":"Italy","coordinates":[40.634,14.6027],"continent":"Europe","best_months":[5,6,9,10],"avg_daily_cost_usd":{"budget":65,"mid":180,"luxury":520},"visa_free_for":["US","UK","CA","AU","NZ","JP","KR"],"timezone":"Europe/Rome","currency":"EUR","language":"Italian","highlights":["Positano","Ravello","Path of the Gods","Amalfi Cathedral","Limoncello"]},
  {"name":"Swiss Alps","country":"Switzerland","coordinates":[46.818,8.2275],"continent":"Europe","best_months":[6,7,8,9,12,1,2],"avg_daily_cost_usd":{"budget":90,"mid":250,"luxury":700},"visa_free_for":["US","UK","CA","AU","NZ","JP","KR"],"timezone":"Europe/Zurich","currency":"CHF","language":"German","highlights":["Zermatt","Jungfraujoch","Interlaken","Glacier Express","Lauterbrunnen"]},
  {"name":"Dolomites","country":"Italy","coordinates":[46.4102,11.8441],"continent":"Europe","best_months":[6,7,8,9,1,2],"avg_daily_cost_usd":{"budget":55,"mid":150,"luxury":430},"visa_free_for":["US","UK","CA","AU","NZ","JP","KR"],"timezone":"Europe/Rome","currency":"EUR","language":"Italian","highlights":["Tre Cime","Seceda","Lake Braies","Val Gardena","Cortina d'Ampezzo"]},
  {"name":"Azores","country":"Portugal","coordinates":[37.7412,-25.6756],"continent":"Europe","best_months":[5,6,7,8,9],"avg_daily_cost_usd":{"budget":45,"mid":110,"luxury":300},"visa_free_for":["US","UK","CA","AU","NZ","JP","KR","BR"],"timezone":"Atlantic/Azores","currency":"EUR","language":"Portuguese","highlights":["Sete Cidades","Whale Watching","Furnas Hot Springs","São Miguel","Pico"]},
  {"name":"Madeira","country":"Portugal","coordinates":[32.6669,-16.9241],"continent":"Europe","best_months":[4,5,6,9,10],"avg_daily_cost_usd":{"budget":40,"mid":100,"luxury":290},"visa_free_for":["US","UK","CA","AU","NZ","JP","KR","BR"],"timezone":"Europe/Lisbon","currency":"EUR","language":"Portuguese","highlights":["Levada Walks","Funchal","Pico do Arieiro","Cabo Girão","Monte Toboggan"]},
  {"name":"Faroe Islands","country":"Denmark","coordinates":[62.0079,-6.7906],"continent":"Europe","best_months":[6,7,8],"avg_daily_cost_usd":{"budget":75,"mid":200,"luxury":500},"visa_free_for":["US","UK","CA","AU","NZ","JP","KR"],"timezone":"Atlantic/Faroe","currency":"DKK","language":"Faroese","highlights":["Múlafossur Waterfall","Sørvágsvatn","Mykines Puffins","Tórshavn","Kalsoy"]},
  {"name":"Lofoten","country":"Norway","coordinates":[68.2342,14.5633],"continent":"Europe","best_months":[6,7,8,1,2],"avg_daily_cost_usd":{"budget":70,"mid":190,"luxury":520},"visa_free_for":["US","UK","CA","AU","NZ","JP","KR"],"timezone":"Europe/Oslo","currency":"NOK","language":"Norwegian","highlights":["Reine","Northern Lights","Midnight Sun","Fishing Villages","Hiking"]},
  {"name":"Tromsø","country":"Norway","coordinates":[69.6492,18.9553],"continent":"Europe","best_months":[9,10,11,12,1,2,6,7],"avg_daily_cost_usd":{"budget":80,"mid":220,"luxury":580},"visa_free_for":["US","UK","CA","AU","NZ","JP","KR"],"timezone":"Europe/Oslo","currency":"NOK","language":"Norwegian","highlights":["Northern Lights","Arctic Cathedral","Whale Safari","Fjord Cruises","Midnight Sun"]},
  {"name":"Svalbard","country":"Norway","coordinates":[78.2232,15.6267],"continent":"Europe","best_months":[3,4,6,7,8],"avg_daily_cost_usd":{"budget":100,"mid":280,"luxury":700},"visa_free_for":["US","UK","EU","CA","AU","NZ","JP","KR"],"timezone":"Arctic/Longyearbyen","currency":"NOK","language":"Norwegian","highlights":["Polar Bears","Glaciers","Midnight Sun","Northern Lights","Snowmobile Safaris"]},
  {"name":"Wadi Rum","country":"Jordan","coordinates":[29.5328,35.4199],"continent":"Asia","best_months":[3,4,5,10,11],"avg_daily_cost_usd":{"budget":35,"mid":90,"luxury":250},"visa_free_for":["US","UK","EU","CA","AU","NZ","JP","KR"],"timezone":"Asia/Amman","currency":"JOD","language":"Arabic","highlights":["Desert Camps","Jeep Tours","Rock Bridges","Lawrence's Spring","Stargazing"]},
  {"name":"Dead Sea","country":"Jordan","coordinates":[31.5,35.5],"continent":"Asia","best_months":[3,4,5,10,11],"avg_daily_cost_usd":{"budget":40,"mid":110,"luxury":320},"visa_free_for":["US","UK","EU","CA","AU","NZ","JP","KR"],"timezone":"Asia/Amman","currency":"JOD","language":"Arabic","highlights":["Floating","Mud Baths","Ein Gedi","Masada","Spa Resorts"]},
  {"name":"Serengeti","country":"Tanzania","coordinates":[-2.3333,34.8333],"continent":"Africa","best_months":[6,7,8,9,1,2],"avg_daily_cost_usd":{"budget":100,"mid":300,"luxury":800},"visa_free_for":[],"timezone":"Africa/Dar_es_Salaam","currency":"TZS","language":"Swahili","highlights":["Great Migration","Big Five","Ngorongoro Crater","Hot Air Balloon","Bush Camps"]},
  {"name":"Kruger National Park","country":"South Africa","coordinates":[-24.0167,31.4833],"continent":"Africa","best_months":[5,6,7,8,9],"avg_daily_cost_usd":{"budget":50,"mid":150,"luxury":500},"visa_free_for":["US","UK","EU","CA","AU","NZ","JP"],"timezone":"Africa/Johannesburg","currency":"ZAR","language":"English","highlights":["Big Five","Self-Drive Safari","Luxury Lodges","Panorama Route","Bush Walks"]},
  {"name":"Essaouira","country":"Morocco","coordinates":[31.5085,-9.7595],"continent":"Africa","best_months":[4,5,6,9,10],"avg_daily_cost_usd":{"budget":22,"mid":60,"luxury":180},"visa_free_for":["US","UK","EU","CA","AU","NZ"],"timezone":"Africa/Casablanca","currency":"MAD","language":"Arabic","highlights":["Medina","Beach","Ramparts","Gnawa Music","Seafood"]},
  {"name":"Luxor","country":"Egypt","coordinates":[25.6872,32.6396],"continent":"Africa","best_months":[10,11,12,2,3],"avg_daily_cost_usd":{"budget":20,"mid":55,"luxury":180},"visa_free_for":["MY","HK"],"timezone":"Africa/Cairo","currency":"EGP","language":"Arabic","highlights":["Valley of the Kings","Karnak Temple","Luxor Temple","West Bank","Nile Felucca"]},
  {"name":"Sossusvlei","country":"Namibia","coordinates":[-24.7275,15.2919],"continent":"Africa","best_months":[5,6,7,8,9],"avg_daily_cost_usd":{"budget":40,"mid":120,"luxury":380},"visa_free_for":["US","UK","EU","CA","AU","NZ"],"timezone":"Africa/Windhoek","currency":"NAD","language":"English","highlights":["Dune 45","Deadvlei","Sesriem Canyon","Star Gazing","Hot Air Balloon"]},
  {"name":"Okavango Delta","country":"Botswana","coordinates":[-19.5,22.8],"continent":"Africa","best_months":[6,7,8,9,10],"avg_daily_cost_usd":{"budget":80,"mid":250,"luxury":700},"visa_free_for":["US","UK","EU","CA","AU","NZ"],"timezone":"Africa/Gaborone","currency":"BWP","language":"English","highlights":["Mokoro Rides","Big Five","Moremi Game Reserve","Bush Flights","Birdwatching"]},
  {"name":"Lake Bled","country":"Slovenia","coordinates":[46.3625,14.094],"continent":"Europe","best_months":[5,6,7,8,9],"avg_daily_cost_usd":{"budget":35,"mid":95,"luxury":270},"visa_free_for":["US","UK","CA","AU","NZ","JP","KR"],"timezone":"Europe/Ljubljana","currency":"EUR","language":"Slovenian","highlights":["Island Church","Bled Castle","Vintgar Gorge","Cream Cake","Lake Swimming"]},
  {"name":"Hallstatt","country":"Austria","coordinates":[47.5622,13.6493],"continent":"Europe","best_months":[5,6,7,8,9],"avg_daily_cost_usd":{"budget":55,"mid":150,"luxury":420},"visa_free_for":["US","UK","CA","AU","NZ","JP","KR"],"timezone":"Europe/Vienna","currency":"EUR","language":"German","highlights":["Lake Views","Salt Mine","Skywalk","Dachstein","Bone House"]},
  {"name":"Chefchaouen","country":"Morocco","coordinates":[35.1688,-5.2636],"continent":"Africa","best_months":[3,4,5,9,10,11],"avg_daily_cost_usd":{"budget":18,"mid":50,"luxury":150},"visa_free_for":["US","UK","EU","CA","AU","NZ"],"timezone":"Africa/Casablanca","currency":"MAD","language":"Arabic","highlights":["Blue City","Rif Mountains","Kasbah","Ras El Maa Waterfall","Hiking"]},
  {"name":"Komodo","country":"Indonesia","coordinates":[-8.5501,119.4881],"continent":"Asia","best_months":[4,5,6,7,8,9],"avg_daily_cost_usd":{"budget":30,"mid":80,"luxury":250},"visa_free_for":["US","UK","EU","CA","AU","NZ","JP","KR"],"timezone":"Asia/Makassar","currency":"IDR","language":"Indonesian","highlights":["Komodo Dragons","Pink Beach","Padar Island","Manta Rays","Snorkeling"]},
  {"name":"Raja Ampat","country":"Indonesia","coordinates":[-1.0586,130.8781],"continent":"Asia","best_months":[10,11,12,3,4],"avg_daily_cost_usd":{"budget":50,"mid":140,"luxury":400},"visa_free_for":["US","UK","EU","CA","AU","NZ","JP","KR"],"timezone":"Asia/Jayapura","currency":"IDR","language":"Indonesian","highlights":["Diving","Wayag Islands","Misool","Manta Rays","Birdwatching"]},
  {"name":"Nusa Penida","country":"Indonesia","coordinates":[-8.7275,115.5444],"continent":"Asia","best_months":[4,5,6,7,8,9],"avg_daily_cost_usd":{"budget":20,"mid":55,"luxury":170},"visa_free_for":["US","UK","EU","CA","AU","NZ","JP","KR"],"timezone":"Asia/Makassar","currency":"IDR","language":"Indonesian","highlights":["Kelingking Beach","Angel's Billabong","Crystal Bay","Manta Point","Broken Beach"]},
  {"name":"Lombok","country":"Indonesia","coordinates":[-8.6505,116.3249],"continent":"Asia","best_months":[5,6,7,8,9],"avg_daily_cost_usd":{"budget":20,"mid":55,"luxury":180},"visa_free_for":["US","UK","EU","CA","AU","NZ","JP","KR"],"timezone":"Asia/Makassar","currency":"IDR","language":"Indonesian","highlights":["Gili Islands","Mount Rinjani","Kuta Beach","Senggigi","Pink Beach"]},
  {"name":"Siargao","country":"Philippines","coordinates":[9.8482,126.0458],"continent":"Asia","best_months":[3,4,5,9,10],"avg_daily_cost_usd":{"budget":20,"mid":55,"luxury":170},"visa_free_for":[],"timezone":"Asia/Manila","currency":"PHP","language":"Filipino","highlights":["Cloud 9 Surfing","Island Hopping","Sugba Lagoon","Magpupungko Pools","Palm Trees"]},
  {"name":"Koh Samui","country":"Thailand","coordinates":[9.512,100.0136],"continent":"Asia","best_months":[1,2,3,4,5],"avg_daily_cost_usd":{"budget":25,"mid":75,"luxury":240},"visa_free_for":["US","UK","EU","CA","AU","NZ","JP","KR"],"timezone":"Asia/Bangkok","currency":"THB","language":"Thai","highlights":["Chaweng Beach","Big Buddha","Ang Thong","Na Muang Waterfalls","Night Markets"]},
  {"name":"Langkawi","country":"Malaysia","coordinates":[6.35,99.8],"continent":"Asia","best_months":[12,1,2,3],"avg_daily_cost_usd":{"budget":22,"mid":65,"luxury":200},"visa_free_for":["US","UK","EU","CA","AU","NZ","JP","KR"],"timezone":"Asia/Kuala_Lumpur","currency":"MYR","language":"Malay","highlights":["Sky Bridge","Cable Car","Duty-Free Shopping","Mangrove Tour","Pantai Cenang"]},
  {"name":"Phong Nha","country":"Vietnam","coordinates":[17.5907,106.2833],"continent":"Asia","best_months":[2,3,4,5],"avg_daily_cost_usd":{"budget":18,"mid":50,"luxury":150},"visa_free_for":["UK","EU","JP","KR","SG"],"timezone":"Asia/Ho_Chi_Minh","currency":"VND","language":"Vietnamese","highlights":["Son Doong Cave","Phong Nha Cave","Paradise Cave","Dark Cave","Jungle Trekking"]},
  {"name":"Hoi An","country":"Vietnam","coordinates":[15.8801,108.338],"continent":"Asia","best_months":[2,3,4,5],"avg_daily_cost_usd":{"budget":18,"mid":50,"luxury":160},"visa_free_for":["UK","EU","JP","KR","SG"],"timezone":"Asia/Ho_Chi_Minh","currency":"VND","language":"Vietnamese","highlights":["Ancient Town","Lanterns","Tailor Shops","An Bang Beach","Cooking Classes"]},
  {"name":"Halong Bay","country":"Vietnam","coordinates":[20.91,107.1839],"continent":"Asia","best_months":[10,11,3,4],"avg_daily_cost_usd":{"budget":25,"mid":70,"luxury":220},"visa_free_for":["UK","EU","JP","KR","SG"],"timezone":"Asia/Ho_Chi_Minh","currency":"VND","language":"Vietnamese","highlights":["Overnight Cruise","Kayaking","Sung Sot Cave","Ti Top Island","Fishing Villages"]},
  {"name":"Yangon","country":"Myanmar","coordinates":[16.8661,96.1951],"continent":"Asia","best_months":[11,12,1,2],"avg_daily_cost_usd":{"budget":20,"mid":55,"luxury":170},"visa_free_for":[],"timezone":"Asia/Yangon","currency":"MMK","language":"Burmese","highlights":["Shwedagon Pagoda","Bogyoke Market","Kandawgyi Lake","Colonial Architecture","Street Food"]},
  {"name":"Varanasi","country":"India","coordinates":[25.3176,82.9739],"continent":"Asia","best_months":[10,11,2,3],"avg_daily_cost_usd":{"budget":10,"mid":30,"luxury":100},"visa_free_for":[],"timezone":"Asia/Kolkata","currency":"INR","language":"Hindi","highlights":["Ganges Ghats","Morning Boat Ride","Ganga Aarti","Sarnath","Silk Weaving"]},
  {"name":"Udaipur","country":"India","coordinates":[24.5854,73.7125],"continent":"Asia","best_months":[10,11,12,2,3],"avg_daily_cost_usd":{"budget":12,"mid":40,"luxury":150},"visa_free_for":[],"timezone":"Asia/Kolkata","currency":"INR","language":"Hindi","highlights":["Lake Palace","City Palace","Jagdish Temple","Monsoon Palace","Lake Pichola Boat Ride"]},
  {"name":"Hampi","country":"India","coordinates":[15.335,76.46],"continent":"Asia","best_months":[10,11,12,1,2],"avg_daily_cost_usd":{"budget":10,"mid":30,"luxury":90},"visa_free_for":[],"timezone":"Asia/Kolkata","currency":"INR","language":"Kannada","highlights":["Virupaksha Temple","Stone Chariot","Matanga Hill Sunrise","Coracle Ride","Boulder Landscapes"]},
  {"name":"Manali","country":"India","coordinates":[32.2396,77.1887],"continent":"Asia","best_months":[3,4,5,6,9,10],"avg_daily_cost_usd":{"budget":12,"mid":35,"luxury":120},"visa_free_for":[],"timezone":"Asia/Kolkata","currency":"INR","language":"Hindi","highlights":["Rohtang Pass","Solang Valley","Old Manali","Hadimba Temple","Paragliding"]},
  {"name":"Petra","country":"Jordan","coordinates":[30.3285,35.4444],"continent":"Asia","best_months":[3,4,5,10,11],"avg_daily_cost_usd":{"budget":45,"mid":120,"luxury":350},"visa_free_for":["US","UK","EU","CA","AU","NZ","JP","KR"],"timezone":"Asia/Amman","currency":"JOD","language":"Arabic","highlights":["The Treasury","Monastery","Siq","Petra by Night","Royal Tombs"]},
  {"name":"Banff","country":"Canada","coordinates":[51.1784,-115.5708],"continent":"North America","best_months":[6,7,8,9,12,1,2],"avg_daily_cost_usd":{"budget":60,"mid":170,"luxury":480},"visa_free_for":["US","UK","EU","AU","NZ","JP","KR"],"timezone":"America/Edmonton","currency":"CAD","language":"English","highlights":["Lake Louise","Moraine Lake","Banff Gondola","Johnston Canyon","Icefields Parkway"]},
  {"name":"Whistler","country":"Canada","coordinates":[50.1163,-122.9574],"continent":"North America","best_months":[12,1,2,3,7,8],"avg_daily_cost_usd":{"budget":70,"mid":200,"luxury":550},"visa_free_for":["US","UK","EU","AU","NZ","JP","KR"],"timezone":"America/Vancouver","currency":"CAD","language":"English","highlights":["Skiing","Peak 2 Peak Gondola","Mountain Biking","Village Stroll","Zip-lining"]},
  {"name":"Tofino","country":"Canada","coordinates":[49.1529,-125.9066],"continent":"North America","best_months":[6,7,8,9],"avg_daily_cost_usd":{"budget":55,"mid":155,"luxury":430},"visa_free_for":["US","UK","EU","AU","NZ","JP","KR"],"timezone":"America/Vancouver","currency":"CAD","language":"English","highlights":["Long Beach","Whale Watching","Surfing","Hot Springs Cove","Rainforest Trails"]},
  {"name":"Yellowknife","country":"Canada","coordinates":[62.454,-114.3718],"continent":"North America","best_months":[12,1,2,3,8,9],"avg_daily_cost_usd":{"budget":70,"mid":190,"luxury":500},"visa_free_for":["US","UK","EU","AU","NZ","JP","KR"],"timezone":"America/Yellowknife","currency":"CAD","language":"English","highlights":["Northern Lights","Great Slave Lake","Ice Road","Snowmobiling","Indigenous Culture"]},
  {"name":"Valletta","country":"Malta","coordinates":[35.8989,14.5146],"continent":"Europe","best_months":[4,5,6,9,10],"avg_daily_cost_usd":{"budget":45,"mid":120,"luxury":350},"visa_free_for":["US","UK","CA","AU","NZ","JP","KR"],"timezone":"Europe/Malta","currency":"EUR","language":"Maltese","highlights":["St. John's Co-Cathedral","Grand Harbour","Mdina","Blue Grotto","Megalithic Temples"]},
  {"name":"Sardinia","country":"Italy","coordinates":[40.1209,9.0129],"continent":"Europe","best_months":[5,6,9,10],"avg_daily_cost_usd":{"budget":55,"mid":150,"luxury":430},"visa_free_for":["US","UK","CA","AU","NZ","JP","KR"],"timezone":"Europe/Rome","currency":"EUR","language":"Italian","highlights":["Costa Smeralda","Cagliari","Nuraghe Su Nuraxi","La Pelosa Beach","Grotta di Nettuno"]},
  {"name":"Corsica","country":"France","coordinates":[42.0396,9.0129],"continent":"Europe","best_months":[5,6,7,9,10],"avg_daily_cost_usd":{"budget":55,"mid":150,"luxury":420},"visa_free_for":["US","UK","CA","AU","NZ","JP","KR"],"timezone":"Europe/Paris","currency":"EUR","language":"French","highlights":["Bonifacio","Calvi","Scandola Reserve","GR20","Porto"]},
  {"name":"Crete","country":"Greece","coordinates":[35.2401,24.4709],"continent":"Europe","best_months":[5,6,9,10],"avg_daily_cost_usd":{"budget":45,"mid":120,"luxury":350},"visa_free_for":["US","UK","CA","AU","NZ","JP","KR"],"timezone":"Europe/Athens","currency":"EUR","language":"Greek","highlights":["Balos Lagoon","Elafonissi","Samaria Gorge","Knossos","Chania Old Town"]},
  {"name":"Mykonos","country":"Greece","coordinates":[37.4467,25.3289],"continent":"Europe","best_months":[5,6,9,10],"avg_daily_cost_usd":{"budget":65,"mid":190,"luxury":550},"visa_free_for":["US","UK","CA","AU","NZ","JP","KR"],"timezone":"Europe/Athens","currency":"EUR","language":"Greek","highlights":["Little Venice","Windmills","Paradise Beach","Delos Island","Mykonos Town"]},
  {"name":"Hvar","country":"Croatia","coordinates":[43.1729,16.4411],"continent":"Europe","best_months":[5,6,7,9],"avg_daily_cost_usd":{"budget":50,"mid":140,"luxury":400},"visa_free_for":["US","UK","CA","AU","NZ","JP","KR"],"timezone":"Europe/Zagreb","currency":"EUR","language":"Croatian","highlights":["Hvar Town","Stari Grad","Blue Cave","Pakleni Islands","Lavender Fields"]},
  {"name":"Mostar","country":"Bosnia and Herzegovina","coordinates":[43.3438,17.8078],"continent":"Europe","best_months":[5,6,9,10],"avg_daily_cost_usd":{"budget":25,"mid":65,"luxury":190},"visa_free_for":["US","UK","EU","CA","AU","NZ","JP","KR"],"timezone":"Europe/Sarajevo","currency":"BAM","language":"Bosnian","highlights":["Stari Most","Old Bazaar","Kravice Waterfalls","Blagaj Tekke","Turkish Houses"]},
  {"name":"Meteora","country":"Greece","coordinates":[39.7217,21.6306],"continent":"Europe","best_months":[4,5,6,9,10],"avg_daily_cost_usd":{"budget":40,"mid":105,"luxury":300},"visa_free_for":["US","UK","CA","AU","NZ","JP","KR"],"timezone":"Europe/Athens","currency":"EUR","language":"Greek","highlights":["Monasteries","Rock Pillars","Sunset Views","Hiking","Kalambaka"]},
  {"name":"Transylvania","country":"Romania","coordinates":[46.7712,23.6236],"continent":"Europe","best_months":[5,6,7,8,9],"avg_daily_cost_usd":{"budget":25,"mid":65,"luxury":190},"visa_free_for":["US","UK","CA","AU","NZ","JP","KR"],"timezone":"Europe/Bucharest","currency":"RON","language":"Romanian","highlights":["Bran Castle","Brașov","Sighișoara","Peleș Castle","Carpathian Mountains"]},
  {"name":"Samarkand","country":"Uzbekistan","coordinates":[39.6542,66.9597],"continent":"Asia","best_months":[4,5,9,10],"avg_daily_cost_usd":{"budget":18,"mid":50,"luxury":150},"visa_free_for":["US","UK","EU","CA","AU","NZ","JP","KR"],"timezone":"Asia/Samarkand","currency":"UZS","language":"Uzbek","highlights":["Registan","Shah-i-Zinda","Bibi-Khanym Mosque","Ulugbek Observatory","Afrosiyob Museum"]},
  {"name":"Valletta","country":"Malta","coordinates":[35.8989,14.5146],"continent":"Europe","best_months":[4,5,6,9,10],"avg_daily_cost_usd":{"budget":45,"mid":120,"luxury":350},"visa_free_for":["US","UK","CA","AU","NZ","JP","KR"],"timezone":"Europe/Malta","currency":"EUR","language":"Maltese","highlights":["St. John's Co-Cathedral","Grand Harbour","Mdina","Blue Grotto","Barrakka Gardens"]}
]
